customer_id,age,annual_income,spending_score,purchase_freq,avg_order_value,loyalty_years,online_ratio,returns_rate,region,gender,preferred_category
C0362,19,20000.0,37,16,25.65,2,0.678,0.187,North,Male,Home & Garden
C0074,56,114600.0,84,24,257.86,13,0.859,0.077,South,Male,Home & Garden
C0375,24,38600.0,53,15,50.24,0,0.762,0.12,South,Male,Food
C0156,36,49400.0,77,28,77.59,4,0.901,0.071,South,Other,Clothing
C0105,35,116900.0,89,27,231.58,14,0.649,0.012,South,Male,Clothing
C0395,19,31200.0,42,17,52.32,1,0.672,0.081,North,Male,Home & Garden
C0378,34,34100.0,32,19,69.36,0,0.811,0.184,North,Female,Beauty
C0125,28,53000.0,65,35,60.57,4,0.961,0.165,East,Female,Electronics
C0069,36,111200.0,72,50,327.14,5,0.644,0.051,West,Male,Sports
C0451,29,34000.0,48,7,56.27,0,0.684,0.133,North,Male,Food
C0010,45,133700.0,91,58,421.14,6,0.8,0.055,East,Female,Electronics
C0195,26,47600.0,79,16,61.18,3,0.831,0.132,East,Female,Electronics
C0407,22,25200.0,60,5,80.0,1,0.861,0.205,East,Female,Home & Garden
C0085,57,105600.0,78,31,354.9,12,0.726,0.024,South,Male,Home & Garden
C0372,20,42200.0,56,7,43.41,2,0.83,0.238,East,Male,Home & Garden
C0389,21,42900.0,32,11,56.12,0,0.666,0.138,West,Female,Electronics
C0496,21,30700.0,41,5,37.91,2,0.747,0.103,West,Female,Food
C0031,51,113200.0,97,20,331.63,14,0.886,0.06,South,Male,Electronics
C0317,53,58200.0,28,9,86.6,5,0.396,0.144,East,Female,Food
C0409,28,36500.0,61,10,62.46,1,0.821,0.247,South,Male,Food
C0491,30,35900.0,62,6,53.78,2,0.738,0.175,East,Male,Electronics
C0492,22,45000.0,41,18,36.25,1,0.781,0.17,North,Male,Clothing
C0281,49,57600.0,18,5,114.67,7,0.263,0.112,East,Male,Sports
C0357,55,48800.0,29,4,150.0,6,0.225,0.101,North,Female,Clothing
C0077,36,107300.0,71,43,500.0,5,0.649,0.016,West,Female,Clothing
C0462,26,37000.0,62,19,61.16,2,0.758,0.236,South,Male,Beauty
C0498,27,30000.0,35,17,30.73,0,0.776,0.09,West,Other,Food
C0212,28,37900.0,75,23,67.44,2,0.737,0.153,South,Female,Electronics
C0102,41,118200.0,94,42,329.11,13,0.929,0.029,South,Male,Food
C0335,58,53800.0,23,4,76.82,9,0.151,0.1,South,Female,Clothing
C0476,23,36200.0,49,5,39.52,1,0.51,0.207,South,Female,Beauty
C0337,63,69200.0,38,2,124.38,4,0.146,0.168,East,Other,Sports
C0441,34,35900.0,41,15,39.98,2,0.728,0.155,West,Male,Food
C0174,35,35900.0,74,28,52.59,1,0.768,0.105,West,Male,Home & Garden
C0003,49,110700.0,72,41,323.17,11,0.805,0.019,East,Male,Food
C0334,54,66600.0,37,9,129.05,4,0.21,0.118,South,Female,Home & Garden
C0410,18,31000.0,63,14,34.74,2,0.77,0.104,South,Female,Home & Garden
C0071,56,127700.0,83,38,451.98,13,0.928,0.011,West,Male,Clothing
C0210,32,35600.0,80,23,63.26,2,0.726,0.168,North,Male,Food
C0064,51,133700.0,87,42,289.89,5,0.744,0.022,East,Male,Clothing
C0385,25,30000.0,39,11,75.58,0,0.56,0.145,East,Male,Home & Garden
C0094,58,121900.0,72,59,283.95,11,0.776,0.041,West,Male,Sports
C0486,27,32700.0,45,9,30.54,2,0.834,0.101,South,Female,Electronics
C0186,30,40500.0,62,15,63.58,3,0.835,0.13,West,Female,Electronics
C0034,49,90500.0,88,44,312.13,12,0.834,0.052,North,Male,Beauty
C0078,44,121600.0,96,35,254.27,14,0.878,0.08,West,Female,Food
C0001,41,112100.0,77,44,390.39,13,0.63,0.018,East,Male,Beauty
C0012,58,128700.0,91,25,396.18,6,0.945,0.048,East,Male,Home & Garden
C0416,21,31500.0,51,6,23.4,1,0.884,0.146,South,Male,Sports
C0023,40,90200.0,71,47,236.97,14,0.628,0.045,East,Male,Food
C0073,38,121200.0,87,20,500.0,13,0.623,0.022,North,Male,Home & Garden
C0183,34,33200.0,88,32,65.73,1,0.892,0.089,East,Other,Home & Garden
C0132,34,49700.0,87,28,69.71,2,0.894,0.054,South,Male,Food
C0411,28,30900.0,38,9,25.77,0,0.502,0.07,East,Female,Sports
C0194,32,52900.0,70,21,58.79,2,0.728,0.066,South,Male,Food
C0056,54,96500.0,97,45,299.74,7,0.946,0.074,North,Female,Food
C0149,36,48100.0,69,25,50.62,4,0.844,0.119,South,Female,Food
C0019,55,146400.0,91,49,333.49,10,0.665,0.042,East,Male,Electronics
C0205,25,49100.0,89,31,69.19,2,0.969,0.109,West,Other,Clothing
C0079,38,148800.0,79,21,251.52,8,0.671,0.045,East,Female,Food
C0495,34,37400.0,56,16,56.5,1,0.866,0.096,South,Male,Sports
C0263,53,55600.0,10,5,90.21,8,0.149,0.247,North,Male,Home & Garden
C0324,50,48500.0,23,7,92.42,6,0.44,0.227,South,Female,Food
C0484,30,28800.0,43,10,65.83,0,0.853,0.248,East,Female,Sports
C0080,48,116400.0,71,47,272.55,5,0.657,0.052,South,Male,Food
C0040,59,123100.0,97,41,346.32,7,0.665,0.018,East,Other,Sports
C0452,26,25000.0,64,8,62.7,1,0.876,0.153,North,Male,Home & Garden
C0047,41,99100.0,97,41,262.14,12,0.701,0.051,West,Female,Sports
C0239,35,39800.0,67,27,55.54,2,0.934,0.094,South,Male,Electronics
C0392,29,32200.0,57,17,53.1,0,0.752,0.083,South,Male,Sports
C0353,44,68900.0,29,5,101.89,6,0.286,0.21,North,Male,Electronics
C0342,44,55300.0,35,5,116.95,9,0.255,0.264,East,Female,Beauty
C0278,55,73500.0,37,5,105.03,6,0.419,0.108,South,Female,Clothing
C0291,64,55300.0,10,9,108.77,4,0.179,0.16,West,Male,Electronics
C0318,46,52700.0,26,2,120.2,5,0.286,0.247,South,Female,Food
C0305,46,75700.0,38,5,86.62,3,0.326,0.261,East,Female,Clothing
C0269,49,68800.0,16,8,124.96,3,0.285,0.13,South,Male,Home & Garden
C0070,40,102900.0,77,29,368.57,14,0.856,0.054,East,Male,Beauty
C0456,22,31200.0,63,18,73.86,1,0.645,0.152,North,Male,Beauty
C0466,21,29500.0,56,5,56.37,0,0.799,0.221,West,Male,Home & Garden
C0155,26,34900.0,86,32,59.62,4,0.908,0.086,West,Female,Beauty
C0083,42,127600.0,77,39,258.58,7,0.833,0.025,East,Male,Electronics
C0478,29,28800.0,33,14,56.68,0,0.681,0.238,North,Female,Food
C0173,33,30500.0,74,39,74.94,3,0.932,0.079,West,Female,Food
C0322,61,61200.0,35,6,91.27,7,0.137,0.274,West,Female,Sports
C0091,52,100300.0,79,22,209.48,14,0.762,0.064,East,Female,Sports
C0181,30,53800.0,73,24,55.18,3,0.894,0.122,East,Male,Food
C0415,21,25700.0,39,9,42.81,0,0.627,0.081,South,Female,Electronics
C0313,60,59200.0,37,5,118.47,9,0.235,0.162,South,Female,Food
C0279,41,57700.0,35,5,107.08,3,0.383,0.249,North,Other,Sports
C0382,27,36700.0,34,17,58.52,0,0.815,0.208,South,Male,Sports
C0473,24,34000.0,45,6,47.81,2,0.879,0.165,West,Male,Clothing
C0363,27,32000.0,48,18,48.35,0,0.68,0.125,East,Female,Home & Garden
C0325,64,67000.0,29,6,120.0,5,0.18,0.229,North,Other,Electronics
C0432,29,34800.0,63,16,54.95,2,0.666,0.248,East,Female,Beauty
C0348,62,60100.0,12,4,123.82,9,0.111,0.245,West,Female,Food
C0087,42,122500.0,91,52,408.16,14,0.737,0.013,East,Female,Food
C0076,46,108200.0,92,35,341.04,12,0.895,0.039,North,Female,Beauty
C0439,22,33500.0,32,11,65.73,2,0.555,0.238,East,Female,Food
C0016,58,110100.0,75,59,297.85,6,0.654,0.074,North,Female,Clothing
C0250,30,34900.0,77,35,30.0,2,0.738,0.062,South,Male,Beauty
C0434,34,34600.0,38,14,33.24,2,0.656,0.09,East,Male,Sports
C0020,36,125200.0,77,38,377.08,5,0.7,0.076,South,Female,Sports
C0323,61,58400.0,13,6,99.51,3,0.159,0.205,East,Female,Home & Garden
C0333,57,57200.0,29,8,101.75,7,0.238,0.299,West,Male,Food
C0057,49,101700.0,70,45,353.24,9,0.713,0.034,North,Female,Beauty
C0302,60,46200.0,25,9,96.99,3,0.284,0.189,East,Male,Clothing
C0230,35,50400.0,76,23,66.33,4,0.988,0.056,East,Female,Clothing
C0332,59,58500.0,31,4,95.78,3,0.245,0.14,South,Male,Electronics
C0133,31,33600.0,87,21,52.75,2,0.728,0.07,West,Male,Beauty
C0138,28,43400.0,81,23,75.71,1,0.914,0.097,East,Male,Electronics
C0424,34,28600.0,53,11,34.73,1,0.507,0.247,South,Male,Home & Garden
C0336,62,65100.0,36,6,105.96,6,0.271,0.109,North,Male,Sports
C0026,35,125600.0,70,45,394.27,9,0.944,0.071,East,Female,Electronics
C0465,18,32400.0,34,13,45.78,2,0.722,0.076,North,Male,Food
C0282,54,64100.0,16,3,88.13,8,0.386,0.236,South,Female,Clothing
C0248,36,45700.0,86,22,47.3,4,0.886,0.09,South,Male,Electronics
C0238,25,38700.0,86,26,70.52,1,0.952,0.103,North,Female,Beauty
C0118,41,108300.0,92,55,330.91,7,0.907,0.027,North,Female,Beauty
C0043,53,117200.0,83,31,283.78,11,0.778,0.019,East,Male,Home & Garden
C0221,28,54900.0,86,29,69.58,3,0.972,0.184,West,Male,Electronics
C0177,37,43800.0,85,36,82.51,1,0.889,0.16,South,Female,Food
C0321,50,65300.0,29,8,94.41,8,0.296,0.106,West,Male,Electronics
C0154,33,47100.0,83,32,49.93,3,0.824,0.198,East,Female,Electronics
C0232,33,51400.0,83,28,66.8,2,0.76,0.157,East,Male,Food
C0228,41,48200.0,88,36,64.93,4,0.967,0.127,West,Female,Electronics
C0418,30,36200.0,33,8,50.06,0,0.84,0.111,West,Female,Clothing
C0204,35,49400.0,76,26,44.4,2,0.988,0.106,West,Male,Electronics
C0127,29,51100.0,89,17,69.2,2,0.769,0.125,East,Female,Electronics
C0330,60,78000.0,30,3,142.77,6,0.173,0.259,North,Female,Home & Garden
C0032,44,98300.0,98,53,265.75,5,0.69,0.021,South,Female,Clothing
C0114,37,95900.0,84,48,259.51,8,0.86,0.017,East,Male,Food
C0471,26,24100.0,48,15,28.74,0,0.732,0.231,West,Male,Home & Garden
C0272,51,59000.0,10,8,99.4,7,0.387,0.281,West,Female,Clothing
C0141,25,41500.0,63,39,76.18,4,0.728,0.066,South,Male,Sports
C0058,41,123000.0,89,40,252.62,9,0.883,0.034,West,Male,Beauty
C0193,30,51000.0,88,36,70.99,4,0.855,0.123,East,Male,Home & Garden
C0025,55,117400.0,99,56,426.33,5,0.744,0.011,South,Female,Sports
C0018,56,131800.0,88,32,313.61,13,0.656,0.038,West,Male,Electronics
C0266,64,66200.0,13,6,91.94,5,0.16,0.259,North,Male,Food
C0067,42,150000.0,91,55,333.55,14,0.891,0.074,West,Male,Beauty
C0209,35,31900.0,88,20,57.14,4,0.881,0.193,West,Male,Electronics
C0480,18,22600.0,31,14,71.19,1,0.774,0.117,West,Male,Electronics
C0095,59,104100.0,87,29,175.1,7,0.681,0.038,South,Male,Home & Garden
C0254,64,67700.0,26,6,84.8,9,0.241,0.266,South,Male,Clothing
C0267,62,54700.0,19,6,130.43,6,0.323,0.192,South,Male,Beauty
C0024,36,118300.0,90,45,218.76,7,0.784,0.053,North,Female,Electronics
C0223,44,32700.0,85,25,84.5,4,0.789,0.142,East,Female,Beauty
C0262,43,62600.0,18,5,90.83,6,0.276,0.256,South,Female,Electronics
C0427,32,29000.0,61,14,58.14,2,0.624,0.106,East,Male,Home & Garden
C0006,55,136600.0,85,56,273.24,6,0.645,0.02,West,Male,Food
C0117,44,114900.0,71,40,428.19,14,0.867,0.056,West,Female,Sports
C0046,43,112300.0,72,56,201.85,8,0.814,0.046,North,Male,Sports
C0017,37,114000.0,82,35,353.36,8,0.686,0.051,North,Female,Sports
C0463,23,31500.0,48,15,51.68,0,0.89,0.198,West,Female,Beauty
C0358,47,57900.0,32,5,95.6,4,0.389,0.12,East,Male,Home & Garden
C0004,45,101500.0,86,25,335.27,9,0.861,0.038,South,Male,Clothing
C0219,29,54000.0,64,32,76.58,1,0.804,0.146,North,Female,Clothing
C0406,23,42400.0,45,14,59.62,2,0.831,0.23,North,Female,Beauty
C0061,49,113600.0,92,52,315.48,10,0.866,0.026,East,Male,Sports
C0111,51,82600.0,81,26,190.77,14,0.653,0.026,West,Female,Food
C0319,62,63700.0,16,8,109.18,7,0.395,0.253,East,Male,Electronics
C0429,30,31200.0,30,13,52.04,1,0.705,0.088,West,Male,Beauty
C0030,59,130600.0,74,20,246.49,5,0.903,0.075,North,Male,Home & Garden
C0438,29,33500.0,49,15,57.99,2,0.77,0.203,North,Male,Clothing
C0472,25,22500.0,41,16,59.0,2,0.681,0.171,East,Male,Electronics
C0027,46,127300.0,97,42,379.61,8,0.639,0.075,North,Female,Home & Garden
C0008,53,126200.0,96,27,307.31,11,0.727,0.061,South,Male,Beauty
C0454,26,42300.0,62,19,52.47,0,0.88,0.228,East,Female,Clothing
C0109,45,126400.0,85,45,387.27,11,0.913,0.012,East,Female,Food
C0038,57,99900.0,86,58,275.67,9,0.698,0.075,North,Male,Clothing
C0158,44,45400.0,73,20,54.44,3,0.737,0.095,South,Male,Beauty
C0490,31,44900.0,37,8,80.0,0,0.538,0.2,East,Female,Clothing
C0119,43,106900.0,91,29,500.0,13,0.72,0.017,North,Female,Food
C0115,35,80000.0,97,55,460.73,13,0.612,0.066,East,Male,Sports
C0176,28,50100.0,70,30,53.58,3,0.955,0.174,West,Female,Beauty
C0374,31,33700.0,58,9,42.61,0,0.611,0.076,North,Female,Sports
C0182,42,57200.0,61,22,90.0,4,0.988,0.053,North,Male,Clothing
C0145,35,37200.0,76,35,69.78,1,0.859,0.148,West,Male,Clothing
C0370,19,28000.0,32,6,52.84,2,0.59,0.171,West,Female,Food
C0391,25,28200.0,33,10,28.99,1,0.83,0.247,East,Female,Food
C0196,36,42200.0,61,20,30.03,1,0.919,0.118,South,Male,Sports
C0405,26,24400.0,37,17,66.6,1,0.887,0.084,South,Female,Home & Garden
C0276,52,47100.0,38,3,129.69,5,0.13,0.171,West,Female,Sports
C0455,30,36400.0,43,6,44.16,0,0.833,0.214,South,Female,Electronics
C0142,39,51600.0,77,36,59.42,2,0.707,0.146,South,Female,Clothing
C0366,19,32200.0,33,12,56.31,1,0.72,0.075,South,Male,Food
C0068,38,136600.0,95,53,257.36,6,0.938,0.035,North,Male,Clothing
C0211,35,51600.0,74,20,73.05,1,0.919,0.097,East,Female,Home & Garden
C0169,32,42700.0,88,38,59.3,3,0.803,0.114,West,Female,Electronics
C0494,19,38500.0,34,17,38.16,1,0.592,0.125,North,Male,Home & Garden
C0376,24,27900.0,53,6,48.7,2,0.83,0.137,South,Other,Home & Garden
C0401,34,35000.0,45,13,24.23,0,0.538,0.123,West,Male,Beauty
C0273,47,64500.0,26,9,77.41,3,0.343,0.126,West,Female,Beauty
C0110,53,134300.0,83,53,226.59,10,0.876,0.026,South,Female,Beauty
C0249,43,50600.0,73,37,45.13,1,0.939,0.053,North,Male,Sports
C0146,34,54600.0,71,16,36.35,1,0.767,0.073,South,Other,Clothing
C0093,55,147800.0,95,52,428.2,7,0.862,0.047,North,Male,Sports
C0153,30,51500.0,85,35,51.75,1,0.817,0.154,West,Female,Beauty
C0368,30,33900.0,64,5,47.89,2,0.755,0.093,North,Male,Clothing
C0468,30,34600.0,35,13,45.68,1,0.666,0.221,East,Female,Clothing
C0084,48,98300.0,70,43,338.16,8,0.783,0.073,West,Female,Electronics
C0246,29,33800.0,67,18,38.4,1,0.8,0.149,North,Female,Electronics
C0166,41,31800.0,88,25,77.41,3,0.756,0.096,North,Male,Sports
C0164,42,47400.0,62,23,43.2,4,0.725,0.172,East,Male,Sports
C0200,37,52000.0,81,29,30.0,4,0.969,0.073,South,Female,Sports
C0229,37,48000.0,62,17,64.82,4,0.844,0.152,West,Male,Home & Garden
C0075,52,136300.0,91,23,401.33,10,0.801,0.02,North,Male,Home & Garden
C0479,25,35000.0,52,13,20.0,0,0.682,0.229,South,Female,Food
C0359,40,69400.0,34,5,103.08,7,0.348,0.274,South,Male,Food
C0251,56,60700.0,35,3,132.93,9,0.309,0.201,North,Female,Beauty
C0120,41,95500.0,88,56,478.59,6,0.887,0.027,East,Male,Sports
C0311,60,60500.0,17,9,112.83,9,0.233,0.16,East,Female,Beauty
C0300,56,60800.0,19,9,75.64,8,0.11,0.279,North,Female,Clothing
C0256,41,66000.0,28,4,99.43,8,0.362,0.133,East,Female,Beauty
C0355,47,63100.0,15,3,93.85,3,0.186,0.215,North,Female,Food
C0400,32,26300.0,43,13,61.5,2,0.767,0.215,East,Male,Sports
C0226,44,47300.0,74,18,48.69,1,0.874,0.073,East,Male,Clothing
C0354,54,60000.0,12,7,59.95,8,0.159,0.226,East,Other,Electronics
C0235,33,40100.0,74,36,77.84,1,0.937,0.052,West,Female,Clothing
C0383,27,20000.0,60,8,39.52,0,0.809,0.133,North,Male,Home & Garden
C0275,61,50100.0,38,9,70.52,8,0.257,0.22,East,Female,Beauty
C0037,46,109300.0,86,35,361.13,10,0.8,0.075,South,Female,Sports
C0197,37,39700.0,74,21,73.74,3,0.801,0.177,West,Female,Electronics
C0140,26,44400.0,79,30,53.12,4,0.763,0.116,West,Male,Beauty
C0365,23,35900.0,56,10,44.22,0,0.672,0.227,South,Female,Beauty
C0245,42,51100.0,80,28,43.56,2,0.902,0.065,West,Male,Sports
C0440,27,32800.0,46,11,43.0,1,0.732,0.053,East,Female,Sports
C0287,48,71500.0,15,4,74.99,5,0.127,0.203,West,Male,Food
C0060,42,121000.0,90,55,459.11,14,0.839,0.042,South,Male,Electronics
C0112,42,135500.0,88,23,436.8,13,0.709,0.057,North,Female,Sports
C0090,47,131200.0,98,31,368.04,6,0.732,0.015,East,Male,Clothing
C0437,26,28000.0,35,14,20.0,2,0.793,0.163,East,Female,Electronics
C0007,41,87500.0,81,52,372.87,7,0.699,0.026,East,Female,Electronics
C0361,34,37400.0,58,13,45.09,0,0.553,0.245,South,Female,Sports
C0347,58,75600.0,39,6,96.56,3,0.153,0.18,North,Female,Electronics
C0339,52,61600.0,17,2,104.74,3,0.23,0.114,South,Male,Clothing
C0159,36,54200.0,74,25,71.58,4,0.73,0.065,West,Male,Electronics
C0151,29,40100.0,60,31,67.41,2,0.74,0.199,North,Male,Electronics
C0178,26,38800.0,82,36,72.75,4,0.855,0.165,West,Female,Food
C0394,19,32800.0,34,8,60.22,2,0.814,0.052,East,Female,Home & Garden
C0185,33,41100.0,76,16,75.45,2,0.912,0.071,West,Male,Home & Garden
C0450,20,39800.0,47,16,50.21,0,0.844,0.19,North,Male,Food
C0011,45,98700.0,92,23,397.22,10,0.725,0.059,North,Female,Clothing
C0381,34,36700.0,52,5,55.39,0,0.893,0.16,West,Male,Food
C0104,58,96400.0,82,45,379.5,9,0.717,0.039,South,Male,Beauty
C0082,49,130000.0,86,46,279.0,5,0.885,0.062,North,Female,Sports
C0039,54,110500.0,81,24,253.06,6,0.869,0.042,West,Female,Home & Garden
C0315,53,79000.0,19,7,76.61,5,0.309,0.106,West,Male,Sports
C0168,33,51000.0,66,33,65.2,1,0.766,0.129,South,Male,Clothing
C0470,19,22700.0,64,8,27.09,1,0.517,0.131,West,Male,Electronics
C0297,51,63300.0,25,9,116.81,4,0.411,0.284,West,Female,Clothing
C0475,20,33100.0,54,8,38.95,0,0.774,0.124,West,Female,Sports
C0199,34,60000.0,79,32,74.97,3,0.931,0.123,South,Male,Electronics
C0298,58,75400.0,34,9,147.5,5,0.104,0.172,North,Female,Electronics
C0417,32,32700.0,46,14,39.64,1,0.857,0.206,East,Male,Sports
C0147,26,43000.0,81,38,82.15,2,0.813,0.059,North,Male,Sports
C0393,31,35900.0,41,12,71.26,2,0.843,0.073,North,Male,Electronics
C0148,27,46000.0,76,22,80.7,1,0.872,0.167,West,Male,Home & Garden
C0448,33,37700.0,61,10,20.0,0,0.677,0.21,West,Male,Beauty
C0288,64,67700.0,23,4,83.06,6,0.29,0.119,South,Male,Clothing
C0124,40,43300.0,75,26,66.54,3,0.944,0.141,East,Female,Beauty
C0369,32,39100.0,30,18,54.75,0,0.799,0.188,West,Male,Beauty
C0097,43,115200.0,93,32,314.98,6,0.734,0.021,North,Male,Home & Garden
C0144,44,48800.0,86,35,73.25,4,0.876,0.143,East,Male,Home & Garden
C0240,32,48700.0,87,39,80.64,3,0.929,0.102,South,Female,Sports
C0443,33,32700.0,46,19,32.82,1,0.652,0.181,East,Male,Beauty
C0098,49,121600.0,82,31,433.31,14,0.79,0.023,North,Male,Sports
C0408,29,37800.0,39,6,38.74,1,0.873,0.065,North,Male,Sports
C0123,35,35100.0,62,17,85.91,1,0.819,0.123,West,Male,Clothing
C0184,28,45600.0,63,15,66.45,1,0.862,0.164,West,Male,Beauty
C0203,26,42300.0,62,37,76.62,4,0.744,0.121,West,Female,Clothing
C0247,36,45200.0,74,27,83.92,2,0.983,0.165,West,Male,Home & Garden
C0306,56,68000.0,16,7,97.74,3,0.116,0.195,North,Male,Home & Garden
C0299,53,52500.0,11,6,96.68,8,0.23,0.245,South,Male,Beauty
C0352,64,70200.0,19,2,118.55,4,0.267,0.161,West,Female,Food
C0387,31,27900.0,50,11,74.22,2,0.686,0.238,South,Male,Beauty
C0396,28,28400.0,52,12,75.68,0,0.58,0.091,North,Female,Clothing
C0285,57,80000.0,26,4,103.16,3,0.398,0.294,West,Female,Beauty
C0126,44,45900.0,78,38,61.8,2,0.802,0.076,West,Male,Electronics
C0303,42,61800.0,25,4,50.0,7,0.279,0.22,North,Female,Food
C0224,43,48500.0,87,34,42.8,1,0.815,0.06,South,Male,Food
C0419,34,32500.0,54,13,61.9,0,0.662,0.112,South,Male,Clothing
C0220,25,47600.0,62,34,77.81,3,0.725,0.149,North,Female,Clothing
C0130,42,53000.0,68,29,34.97,4,0.939,0.105,East,Male,Home & Garden
C0421,33,29200.0,30,15,53.78,2,0.532,0.085,West,Female,Food
C0290,53,57700.0,11,4,104.49,3,0.307,0.198,North,Female,Beauty
C0445,26,32000.0,55,8,60.61,0,0.747,0.187,South,Female,Clothing
C0377,18,20000.0,33,18,73.52,1,0.525,0.129,North,Male,Electronics
C0292,57,62500.0,19,7,112.23,9,0.234,0.198,North,Male,Clothing
C0356,49,67000.0,16,7,78.92,9,0.393,0.24,North,Female,Home & Garden
C0295,59,68600.0,11,2,110.25,3,0.366,0.188,East,Female,Electronics
C0397,26,28400.0,59,6,47.22,0,0.706,0.176,East,Female,Beauty
C0341,50,54800.0,37,2,50.0,8,0.266,0.287,West,Male,Beauty
C0113,37,97800.0,92,30,354.08,5,0.687,0.011,North,Female,Food
C0180,35,40000.0,61,15,54.76,3,0.797,0.112,West,Male,Home & Garden
C0308,48,78700.0,21,7,104.76,5,0.431,0.112,North,Male,Home & Garden
C0433,28,32800.0,58,12,34.88,1,0.661,0.183,East,Male,Food
C0488,32,31300.0,47,12,46.38,2,0.531,0.154,West,Female,Electronics
C0482,28,24700.0,37,19,20.0,1,0.756,0.165,North,Male,Beauty
C0423,22,37800.0,46,16,76.24,2,0.506,0.138,North,Male,Food
C0234,33,56500.0,77,32,74.46,2,0.734,0.061,East,Other,Sports
C0312,52,54100.0,15,2,93.51,3,0.102,0.148,West,Male,Home & Garden
C0165,43,32400.0,79,22,40.58,3,0.959,0.142,West,Male,Electronics
C0137,43,48300.0,88,18,63.37,3,0.749,0.115,North,Female,Beauty
C0198,31,39700.0,73,28,65.2,4,0.893,0.065,South,Female,Beauty
C0259,42,73000.0,21,3,121.02,4,0.326,0.13,South,Female,Beauty
C0233,26,52600.0,71,25,56.34,3,0.97,0.061,West,Female,Electronics
C0116,39,100900.0,71,44,335.12,8,0.799,0.022,East,Male,Home & Garden
C0121,38,31800.0,83,34,59.63,1,0.761,0.179,South,Male,Food
C0350,51,56000.0,21,5,132.87,4,0.371,0.237,East,Female,Food
C0225,27,46800.0,65,30,64.54,2,0.83,0.128,East,Male,Beauty
C0403,34,34500.0,50,14,62.16,1,0.825,0.11,North,Male,Home & Garden
C0398,29,28800.0,54,19,40.71,2,0.794,0.094,North,Male,Electronics
C0128,38,49600.0,66,34,44.66,3,0.926,0.11,North,Male,Food
C0286,62,73100.0,11,6,148.47,8,0.241,0.29,East,Other,Beauty
C0412,26,21000.0,46,16,20.0,2,0.686,0.216,North,Female,Food
C0108,58,111000.0,83,29,370.01,5,0.787,0.056,West,Female,Home & Garden
C0371,24,33300.0,53,13,25.92,0,0.711,0.174,South,Male,Food
C0326,61,57800.0,31,3,59.59,6,0.442,0.264,East,Male,Home & Garden
C0134,25,44600.0,74,31,83.61,2,0.881,0.194,South,Male,Home & Garden
C0453,24,32500.0,43,7,52.62,1,0.702,0.231,East,Female,Food
C0045,55,149000.0,75,35,198.29,12,0.64,0.071,East,Male,Electronics
C0461,26,35400.0,35,10,34.44,0,0.522,0.244,South,Male,Sports
C0066,52,140900.0,79,24,326.1,13,0.925,0.039,South,Female,Clothing
C0284,47,80000.0,26,9,66.35,8,0.236,0.107,East,Male,Sports
C0086,59,134200.0,80,54,489.16,10,0.907,0.023,South,Male,Home & Garden
C0243,27,43300.0,76,33,57.4,3,0.817,0.078,North,Male,Electronics
C0187,26,49200.0,72,15,56.11,2,0.717,0.082,East,Female,Home & Garden
C0384,21,26600.0,35,10,36.94,1,0.799,0.084,South,Female,Home & Garden
C0160,41,39900.0,88,27,30.0,3,0.91,0.154,East,Female,Sports
C0013,55,104200.0,83,51,439.23,6,0.812,0.028,North,Female,Food
C0036,53,128100.0,72,20,296.88,6,0.795,0.062,North,Male,Food
C0029,46,89300.0,70,31,323.93,12,0.939,0.059,South,Male,Beauty
C0171,37,37500.0,60,31,61.15,3,0.851,0.183,North,Male,Clothing
C0143,29,34500.0,63,36,57.41,2,0.886,0.082,North,Female,Home & Garden
C0399,34,34600.0,56,14,52.31,2,0.675,0.054,West,Male,Clothing
C0343,40,60500.0,26,3,83.65,8,0.448,0.262,South,Other,Home & Garden
C0222,39,36500.0,60,21,42.85,3,0.861,0.146,South,Female,Beauty
C0096,47,105900.0,94,48,443.46,11,0.915,0.049,North,Male,Electronics
C0052,52,137100.0,86,49,311.01,7,0.618,0.01,East,Male,Clothing
C0241,34,48100.0,73,27,57.75,3,0.788,0.166,East,Female,Electronics
C0485,34,23000.0,32,7,50.01,0,0.734,0.055,East,Male,Home & Garden
C0379,26,38700.0,63,11,62.11,1,0.829,0.228,South,Female,Electronics
C0179,29,60000.0,85,34,54.77,3,0.794,0.052,South,Female,Beauty
C0042,39,97200.0,98,22,280.64,11,0.749,0.069,West,Male,Sports
C0499,20,30200.0,62,8,48.02,1,0.739,0.109,West,Male,Clothing
C0422,29,33900.0,54,5,44.36,0,0.625,0.225,North,Female,Clothing
C0207,28,38600.0,83,25,50.64,1,0.944,0.168,East,Female,Home & Garden
C0283,56,76000.0,31,8,121.78,3,0.124,0.193,West,Male,Food
C0255,48,77100.0,28,4,132.42,8,0.212,0.209,North,Male,Beauty
C0413,19,34600.0,40,18,58.07,0,0.728,0.191,South,Male,Beauty
C0005,42,136200.0,70,34,436.8,9,0.751,0.066,West,Male,Electronics
C0257,54,52000.0,34,9,75.02,8,0.244,0.217,South,Female,Sports
C0449,31,41200.0,33,8,28.99,2,0.698,0.075,West,Male,Electronics
C0101,59,112400.0,76,54,325.46,7,0.641,0.036,West,Male,Beauty
C0227,35,52000.0,61,20,59.04,2,0.85,0.161,South,Female,Food
C0430,22,24800.0,52,7,52.47,1,0.502,0.119,East,Male,Electronics
C0214,31,44900.0,86,23,65.47,3,0.927,0.088,West,Female,Clothing
C0172,31,37100.0,65,26,40.76,4,0.72,0.117,East,Male,Electronics
C0099,47,116100.0,97,50,185.49,10,0.917,0.07,West,Male,Home & Garden
C0293,61,61000.0,30,2,115.87,7,0.258,0.204,West,Male,Sports
C0216,27,37000.0,65,26,59.14,4,0.71,0.056,East,Female,Electronics
C0062,37,110800.0,70,49,360.15,9,0.808,0.042,North,Male,Food
C0048,52,100700.0,78,48,306.32,8,0.803,0.038,South,Male,Electronics
C0033,50,107700.0,85,51,410.32,8,0.66,0.05,South,Female,Food
C0268,57,58700.0,34,9,138.03,4,0.359,0.246,North,Female,Home & Garden
C0328,57,45000.0,33,5,73.3,7,0.148,0.247,East,Male,Sports
C0201,41,38700.0,70,16,90.0,4,0.768,0.099,North,Male,Food
C0447,32,26500.0,61,13,65.97,1,0.688,0.073,West,Female,Beauty
C0028,56,121300.0,84,28,379.98,14,0.739,0.05,West,Female,Food
C0425,18,45000.0,31,15,39.51,0,0.867,0.129,South,Male,Clothing
C0231,26,48800.0,84,24,84.21,4,0.947,0.063,West,Female,Clothing
C0261,43,61300.0,38,9,94.03,7,0.31,0.141,East,Female,Beauty
C0289,47,69300.0,15,3,112.85,6,0.402,0.251,South,Male,Home & Garden
C0163,41,51900.0,86,20,54.56,2,0.723,0.2,West,Female,Beauty
C0426,27,20700.0,44,7,42.61,2,0.782,0.193,North,Female,Sports
C0139,42,53500.0,63,20,85.26,2,0.95,0.126,West,Female,Home & Garden
C0063,48,140100.0,72,56,385.39,10,0.765,0.02,West,Male,Clothing
C0136,40,46000.0,64,34,38.03,1,0.87,0.195,East,Female,Electronics
C0129,40,54600.0,69,28,56.14,3,0.78,0.072,South,Other,Home & Garden
C0477,29,39900.0,60,7,51.69,1,0.569,0.101,West,Male,Clothing
C0009,57,80000.0,88,24,305.95,10,0.826,0.06,East,Male,Sports
C0327,52,52300.0,24,5,73.66,7,0.286,0.167,West,Male,Food
C0464,28,27000.0,30,14,76.17,2,0.528,0.106,South,Male,Beauty
C0065,38,80000.0,94,29,344.61,9,0.722,0.045,East,Female,Clothing
C0301,63,56200.0,11,5,127.68,3,0.238,0.191,North,Female,Sports
C0015,42,90800.0,75,54,384.67,7,0.636,0.023,West,Male,Electronics
C0157,27,50400.0,77,29,68.15,3,0.987,0.068,East,Female,Beauty
C0041,37,91400.0,99,48,346.43,13,0.713,0.079,North,Male,Electronics
C0380,30,24100.0,52,8,35.4,0,0.685,0.111,North,Male,Beauty
C0469,30,27800.0,42,15,51.59,0,0.582,0.148,South,Male,Clothing
C0404,25,30200.0,50,18,45.96,0,0.783,0.245,South,Male,Electronics
C0217,26,30000.0,78,22,63.02,2,0.788,0.185,East,Female,Clothing
C0280,50,80000.0,20,7,93.53,7,0.176,0.21,West,Male,Electronics
C0435,21,29900.0,42,10,51.49,2,0.528,0.059,East,Other,Electronics
C0431,18,35300.0,46,6,39.58,2,0.875,0.159,East,Female,Clothing
C0338,51,73200.0,18,4,112.53,7,0.392,0.227,East,Female,Home & Garden
C0237,41,42200.0,75,37,68.96,4,0.955,0.161,South,Other,Sports
C0208,43,45800.0,87,17,88.71,1,0.851,0.184,East,Male,Home & Garden
C0213,41,38700.0,64,21,62.26,3,0.94,0.116,East,Female,Electronics
C0296,60,70900.0,31,8,93.97,8,0.135,0.221,North,Female,Beauty
C0458,21,24600.0,53,6,55.39,1,0.544,0.153,West,Male,Electronics
C0252,47,55100.0,14,4,97.05,3,0.292,0.235,North,Female,Sports
C0489,27,22900.0,45,10,58.23,0,0.796,0.168,East,Female,Beauty
C0487,29,33800.0,48,15,65.23,1,0.757,0.154,West,Male,Beauty
C0304,62,61400.0,28,6,121.19,3,0.158,0.218,West,Male,Home & Garden
C0351,54,45000.0,10,6,141.0,4,0.443,0.105,South,Other,Beauty
C0270,60,59200.0,31,2,89.21,3,0.39,0.271,North,Male,Beauty
C0202,38,46200.0,86,24,57.91,2,0.816,0.161,South,Male,Home & Garden
C0162,38,30000.0,63,15,33.9,2,0.78,0.126,West,Female,Food
C0044,41,93100.0,90,45,345.3,10,0.685,0.074,West,Male,Home & Garden
C0218,39,38500.0,84,22,75.76,3,0.776,0.119,West,Female,Sports
C0402,23,41300.0,51,12,54.27,1,0.799,0.121,South,Male,Electronics
C0191,36,42200.0,82,27,70.91,4,0.9,0.17,North,Male,Beauty
C0310,57,67600.0,24,4,89.11,9,0.281,0.228,North,Female,Sports
C0260,56,57200.0,34,9,113.67,3,0.411,0.263,West,Male,Clothing
C0106,46,116900.0,70,48,312.54,11,0.878,0.021,North,Male,Home & Garden
C0054,55,114500.0,90,31,237.28,14,0.647,0.038,West,Male,Clothing
C0390,30,31800.0,51,7,56.79,2,0.855,0.156,North,Male,Home & Garden
C0002,54,135400.0,76,41,378.41,5,0.788,0.069,North,Male,Electronics
C0442,22,28900.0,30,17,65.08,1,0.847,0.144,West,Female,Electronics
C0483,20,28100.0,36,15,66.29,1,0.881,0.118,South,Male,Beauty
C0050,59,105000.0,93,47,454.09,13,0.768,0.033,East,Female,Food
C0420,23,22300.0,50,5,49.75,1,0.505,0.051,South,Male,Food
C0081,50,107700.0,95,51,150.0,12,0.657,0.015,West,Male,Beauty
C0206,43,53100.0,71,22,44.2,2,0.857,0.119,South,Male,Beauty
C0035,49,109000.0,73,59,252.77,9,0.925,0.04,East,Male,Home & Garden
C0264,48,68200.0,27,2,76.94,4,0.141,0.16,North,Male,Food
C0428,28,32000.0,35,6,34.42,2,0.553,0.123,West,Other,Food
C0367,19,45000.0,44,15,37.03,0,0.713,0.09,East,Male,Home & Garden
C0092,49,126900.0,92,20,485.25,12,0.705,0.042,North,Male,Sports
C0340,61,60700.0,35,5,125.03,5,0.231,0.101,North,Female,Electronics
C0474,21,33400.0,39,17,41.11,2,0.524,0.162,West,Female,Clothing
C0053,43,114700.0,83,24,323.34,6,0.718,0.033,West,Female,Home & Garden
C0346,61,55500.0,33,7,134.34,9,0.312,0.121,West,Male,Sports
C0265,48,61400.0,30,5,140.38,5,0.154,0.165,West,Female,Electronics
C0242,31,48000.0,84,33,61.88,1,0.723,0.149,South,Female,Beauty
C0014,38,120800.0,99,49,326.84,6,0.683,0.034,North,Male,Electronics
C0316,47,76000.0,12,8,127.15,8,0.135,0.294,West,Male,Home & Garden
C0089,50,123400.0,76,56,246.39,12,0.754,0.05,East,Female,Home & Garden
C0388,32,27500.0,49,18,64.96,1,0.606,0.065,East,Male,Home & Garden
C0274,41,70700.0,33,7,108.11,5,0.286,0.219,East,Female,Sports
C0167,38,38500.0,71,36,52.98,1,0.794,0.144,South,Male,Electronics
C0329,41,62300.0,17,7,123.76,7,0.135,0.206,West,Male,Food
C0493,23,27500.0,40,13,44.96,1,0.527,0.061,East,Male,Electronics
C0135,43,51100.0,89,26,41.61,2,0.831,0.132,South,Female,Clothing
C0307,51,53500.0,31,7,108.3,7,0.367,0.299,South,Other,Clothing
C0481,21,41100.0,51,9,70.13,1,0.864,0.196,West,Female,Electronics
C0320,51,47000.0,30,6,145.95,9,0.303,0.286,West,Male,Sports
C0244,27,45000.0,88,37,60.23,2,0.75,0.076,North,Female,Clothing
C0055,36,129300.0,72,35,323.38,7,0.622,0.048,South,Female,Food
C0364,33,32600.0,57,9,57.46,0,0.883,0.21,North,Male,Food
C0051,48,80000.0,98,24,400.05,7,0.786,0.066,North,Female,Electronics
C0457,30,36400.0,33,9,33.45,2,0.845,0.197,East,Male,Food
C0175,38,37000.0,78,29,36.65,4,0.857,0.112,West,Female,Electronics
C0446,20,24700.0,44,15,50.14,2,0.753,0.182,West,Male,Food
C0190,30,43700.0,74,15,59.44,4,0.751,0.196,South,Male,Sports
C0497,31,41300.0,46,5,42.91,2,0.599,0.161,East,Female,Food
C0188,41,40300.0,68,23,57.05,2,0.863,0.052,West,Female,Clothing
C0170,26,39000.0,70,23,67.16,3,0.72,0.07,West,Female,Clothing
C0059,46,113900.0,98,58,370.44,6,0.689,0.062,North,Female,Beauty
C0049,38,106500.0,74,33,352.2,12,0.654,0.014,West,Female,Sports
C0345,42,70500.0,34,7,112.78,9,0.131,0.24,East,Female,Clothing
C0236,32,48600.0,71,26,41.59,4,0.81,0.193,North,Female,Sports
C0253,47,57400.0,33,4,50.0,3,0.415,0.147,West,Female,Clothing
C0022,46,97000.0,96,38,500.0,11,0.914,0.051,South,Female,Food
C0314,47,72000.0,36,4,115.38,7,0.377,0.151,North,Female,Home & Garden
C0460,33,25700.0,48,7,58.02,2,0.753,0.131,North,Female,Beauty
C0161,34,41200.0,71,39,77.23,2,0.868,0.059,South,Female,Beauty
C0277,60,49200.0,11,3,88.38,7,0.24,0.192,East,Male,Beauty
C0444,24,36100.0,32,10,29.55,0,0.649,0.162,West,Male,Clothing
C0192,34,36200.0,88,34,60.78,1,0.758,0.194,North,Male,Beauty
C0386,31,31400.0,36,19,45.49,2,0.587,0.061,South,Male,Food
C0294,59,58500.0,14,5,127.74,7,0.303,0.213,East,Male,Sports
C0414,29,36400.0,61,13,52.76,0,0.622,0.173,West,Female,Beauty
C0344,63,65700.0,11,3,54.23,7,0.291,0.277,East,Female,Clothing
C0258,57,66400.0,30,5,87.38,3,0.326,0.3,South,Male,Clothing
C0309,54,73200.0,33,7,117.74,5,0.219,0.101,North,Female,Food
C0150,44,30500.0,81,27,65.94,1,0.986,0.059,West,Male,Home & Garden
C0131,31,41600.0,61,39,65.99,2,0.823,0.06,West,Male,Home & Garden
C0152,29,52800.0,81,22,63.91,4,0.902,0.059,North,Male,Beauty
C0360,51,51500.0,36,2,113.79,5,0.162,0.236,South,Female,Clothing
C0100,35,123800.0,95,21,272.55,7,0.818,0.076,East,Male,Sports
C0373,25,31000.0,63,10,75.16,2,0.685,0.205,North,Female,Home & Garden
C0088,55,80000.0,85,52,274.52,11,0.886,0.043,East,Female,Food
C0459,19,28200.0,58,10,35.18,0,0.87,0.224,West,Male,Food
C0331,54,77000.0,24,8,97.39,7,0.424,0.298,North,Female,Electronics
C0215,32,50200.0,79,32,90.0,3,0.906,0.176,North,Female,Home & Garden
C0467,30,27500.0,45,10,38.31,2,0.824,0.083,East,Male,Beauty
C0122,38,53600.0,72,21,90.0,4,0.877,0.188,East,Male,Beauty
C0500,20,20000.0,34,11,52.65,1,0.701,0.097,East,Male,Beauty
C0021,58,120200.0,96,36,253.41,12,0.661,0.021,South,Male,Clothing
C0189,29,41300.0,66,27,58.93,1,0.978,0.086,East,Male,Electronics
C0072,44,104200.0,93,51,408.94,14,0.663,0.056,North,Female,Electronics
C0107,42,131100.0,77,45,335.53,13,0.817,0.06,North,Female,Clothing
C0271,43,77600.0,32,8,110.09,7,0.447,0.242,East,Female,Beauty
C0349,46,62300.0,17,6,140.31,6,0.44,0.156,North,Female,Clothing
C0436,32,22400.0,35,10,25.1,1,0.755,0.075,West,Male,Beauty
C0103,43,131900.0,73,36,285.62,11,0.82,0.055,South,Female,Electronics
